Name,Team,WAR,Worth,Salary
Aaron Nola,Phillies,3.4,27400000,5562500
Adam Wainwright,Cardinals,2.2,17200000,2000000
Anibal Sanchez,Nationals,2.5,19800000,12250000
Anthony DeSclafani,Reds,2.4,19400000,2125000
Brad Keller,Royals,2.2,17700000,578175
Brett Anderson,Athletics,2,15800000,1500000
Charlie Morton,Rays,6.1,48500000,15000000
Clayton Kershaw,Dodgers,3.4,27100000,31000000
Dakota Hudson,Cardinals,1,8200000,559100
Eduardo Rodriguez,Red Sox,3.7,29600000,4300000
German Marquez,Rockies,3.4,27200000,565000
Gerrit Cole,Astros,7.4,59300000,13500000
Hyun-Jin Ryu,Dodgers,4.8,38300000,17900000
Ivan Nova,White Sox,2,15800000,9166667
Jack Flaherty,Cardinals,4.7,37900000,562100
Jacob deGrom,Mets,7,56000000,9000000
Jakob Junis,Royals,1.5,12100000,578250
Jeff Samardzija,Giants,1.5,11600000,19800000
Joe Musgrove,Pirates,3.3,26500000,582500
Joey Lucchesi,Padres,2.1,17100000,565100
Jon Lester,Cubs,2.8,22100000,27500000
Jose Berrios,Twins,4.4,35200000,620000
Jose Quintana,Cubs,3.5,28000000,10500000
Julio Teheran,Braves,1.6,12900000,11166666
Justin Verlander,Astros,6.4,50900000,28000000
Kyle Hendricks,Cubs,4.1,32900000,7405000
Lance Lynn,Rangers,6.8,54000000,9333333
Lucas Giolito,White Sox,5.1,40500000,573000
Madison Bumgarner,Giants,3.2,25400000,12000000
Marco Gonzales,Mariners,3.7,29600000,900000
Marcus Stroman,- - -,3.9,31100000,7400000
Martin Perez,Twins,1.9,15100000,4000000
Masahiro Tanaka,Yankees,3.3,26100000,22000000
Matthew Boyd,Tigers,3.3,26300000,581700
Max Fried,Braves,3,23900000,565000
Max Scherzer,Nationals,6.5,52200000,42142857
Merrill Kelly,Diamondbacks,2,16100000,2250000
Mike Fiers,Athletics,1.8,14500000,6000000
Mike Leake,- - -,1,7700000,17000000
Mike Minor,Rangers,4.1,33200000,9833333
Miles Mikolas,Cardinals,2.5,20000000,8000000
Noah Syndergaard,Mets,4.4,35000000,6000000
Patrick Corbin,Nationals,4.8,38100000,12916666
Reynaldo Lopez,White Sox,2.3,18200000,580000
Rick Porcello,Red Sox,1.8,14200000,21125000
Robbie Ray,Diamondbacks,2.4,19200000,6050000
Sandy Alcantara,Marlins,2.3,18400000,555000
Shane Bieber,Indians,5.6,44900000,559600
Sonny Gray,Reds,4.4,34900000,7500000
Stephen Strasburg,Nationals,5.7,45400000,36428571
Tanner Roark,- - -,1.9,15600000,10000000
Trevor Bauer,- - -,3.3,26200000,13000000
Walker Buehler,Dodgers,5,39800000,570000
Yu Darvish,Cubs,2.6,20700000,20000000
Zach Eflin,Phillies,1.5,11900000,590000
Zack Greinke,- - -,5.4,43300000,32421884
Zack Wheeler,Mets,4.7,37500000,5975000
