Name,Team,WAR,Worth,Salary
Adam Eaton,Nationals,2.3,2300000,8700000
Adam Frazier,Pirates,2.2,2200000,584000
Adam Jones,Diamondbacks,-0.1,-100000,3000000
Albert Pujols,Angels,-0.4,-400000,28000000
Alex Bregman,Astros,8.5,8500000,640500
Alex Gordon,Royals,1.3,1300000,21000000
Amed Rosario,Mets,2.7,2700000,575500
Andrew Benintendi,Red Sox,2,2000000,717500
Anthony Rendon,Nationals,7,7000000,18800000
Anthony Rizzo,Cubs,4,4000000,12285714
Asdrubal Cabrera,- - -,1.9,1900000,3500000
Austin Meadows,Rays,4,4000000,557400
Avisail Garcia,Rays,1.8,1800000,3500000
Brandon Belt,Giants,0.5,500000,17200000
Brandon Crawford,Giants,0.4,400000,15200000
Brett Gardner,Yankees,3.6,3600000,7500000
Brian Anderson,Marlins,3.1,3100000,585000
Bryan Reynolds,Pirates,3.2,3200000,
Bryce Harper,Phillies,4.6,4600000,11538461
Carlos Santana,Indians,4.4,4400000,20500000
Cesar Hernandez,Phillies,1.7,1700000,7750000
Charlie Blackmon,Rockies,2,2000000,21516666
Christian Vazquez,Red Sox,3.5,3500000,2933333
Christian Walker,Diamondbacks,2.2,2200000,559800
Christian Yelich,Brewers,7.8,7800000,9928571
Cody Bellinger,Dodgers,7.8,7800000,605000
Colin Moran,Pirates,0.1,100000,579500
Corey Seager,Dodgers,3.3,3300000,4000000
Daniel Vogelbach,Mariners,1.6,1600000,558600
Dansby Swanson,Braves,1.5,1500000,585000
David Fletcher,Angels,3.4,3400000,561500
Dexter Fowler,Cardinals,1.5,1500000,16500000
DJ LeMahieu,Yankees,5.4,5400000,12000000
Domingo Santana,Mariners,0,0,1950000
Eddie Rosario,Twins,1.2,1200000,4190000
Eduardo Escobar,Diamondbacks,3.7,3700000,6166666
Eloy Jimenez,White Sox,1.9,1900000,2333333
Elvis Andrus,Rangers,1.4,1400000,15250000
Eric Hosmer,Padres,-0.4,-400000,21625000
Eugenio Suarez,Reds,4.5,4500000,7285714
Evan Longoria,Giants,2,2000000,15500000
Francisco Lindor,Indians,4.4,4400000,10550000
Franmil Reyes,- - -,1,1000000,570500
Freddie Freeman,Braves,4,4000000,21359375
Freddy Galvis,- - -,1.4,1400000,5000000
George Springer,Astros,6.5,6500000,12000000
Hanser Alberto,Orioles,1.9,1900000,578000
Hunter Dozier,Royals,3,3000000,567225
J.D. Martinez,Red Sox,3.2,3200000,23750000
J.T. Realmuto,Phillies,5.7,5700000,5900000
Jackie Bradley Jr.,Red Sox,1.4,1400000,8550000
Jason Heyward,Cubs,1.9,1900000,20000000
Jason Kipnis,Indians,1.1,1100000,14666667
Javier Baez,Cubs,4.4,4400000,5200000
Jean Segura,Phillies,2.3,2300000,15050000
Jeff McNeil,Mets,4.6,4600000,567714
Joc Pederson,Dodgers,3,3000000,5000000
Joey Votto,Reds,0.7,700000,25000000
Jonathan Villar,Orioles,4,4000000,4825000
Jorge Polanco,Twins,4,4000000,4158333
Jorge Soler,Royals,3.6,3600000,4666666
Jose Abreu,White Sox,1.9,1900000,16000000
Jose Altuve,Astros,3.5,3500000,9500000
Jose Iglesias,Reds,1.6,1600000,2500000
Jose Ramirez,Indians,3.3,3300000,4150000
Josh Bell,Pirates,2.5,2500000,587000
Josh Donaldson,Braves,4.9,4900000,23000000
Josh Reddick,Astros,1,1000000,13000000
Juan Soto,Nationals,4.8,4800000,578300
Jurickson Profar,Athletics,1.3,1300000,3600000
Justin Turner,Dodgers,3.4,3400000,19000000
Ketel Marte,Diamondbacks,7.1,7100000,2600000
Kevin Newman,Pirates,2.4,2400000,557500
Kevin Pillar,- - -,1.5,1500000,5800000
Khris Davis,Athletics,-1,-1000000,16500000
Kole Calhoun,Angels,2.5,2500000,10833333
Kolten Wong,Cardinals,3.7,3700000,6700000
Kris Bryant,Cubs,4.8,4800000,12900000
Kyle Schwarber,Cubs,2.6,2600000,3390000
Leury Garcia,White Sox,1.3,1300000,1550000
Lorenzo Cain,Brewers,1.5,1500000,15000000
Luke Voit,Yankees,1.7,1700000,573200
Mallex Smith,Mariners,0,0,578400
Manny Machado,Padres,3.1,3100000,12000000
Marcell Ozuna,Cardinals,2.5,2500000,12250000
Marcus Semien,Athletics,7.6,7600000,12250000
Matt Chapman,Athletics,6.1,6100000,5900000
Matt Olson,Athletics,3.9,3900000,580000
Max Kepler,Twins,4.4,4400000,575000
Max Muncy,Dodgers,4.8,4800000,6200000
Michael Brantley,Astros,4.2,4200000,575000
Michael Conforto,Mets,3.7,3700000,16000000
Miguel Cabrera,Tigers,-0.3,-300000,4025000
Miguel Rojas,Marlins,1.9,1900000,30000000
Mike Moustakas,Brewers,2.8,2800000,3155000
Mike Trout,Angels,8.6,8600000,10000000
Mookie Betts,Red Sox,6.6,6600000,34083333
Nelson Cruz,Twins,4.3,4300000,20000000
Nicholas Castellanos,- - -,2.8,2800000,14300000
Nick Ahmed,Diamondbacks,2.4,2400000,3662500
Nolan Arenado,Rockies,5.9,5900000,26000000
Orlando Arcia,Brewers,-0.4,-400000,565700
Ozzie Albies,Braves,4.6,4600000,575000
Paul DeJong,Cardinals,4.1,4100000,2000000
Paul Goldschmidt,Cardinals,2.9,2900000,15000000
Pete Alonso,Mets,4.8,4800000,555000
Rafael Devers,Red Sox,5.9,5900000,614500
Randal Grichuk,Blue Jays,0.5,500000,5000000
Renato Nunez,Orioles,0.6,600000,562000
Rhys Hoskins,Phillies,2.2,2200000,575000
Ronald Acuna Jr.,Braves,5.6,5600000,560000
Rougned Odor,Rangers,0.3,300000,8333333
Ryan Braun,Brewers,1.9,1900000,18158038
Ryan McMahon,Rockies,0.6,600000,560000
Shin-Soo Choo,Rangers,1.7,1700000,21000000
Starlin Castro,Marlins,1.3,1300000,12000000
Starling Marte,Pirates,3,3000000,10666666
Tim Anderson,White Sox,3.5,3500000,1400000
Tommy Pham,Rays,3.3,3300000,4100000
Trea Turner,Nationals,3.5,3500000,3725000
Trevor Story,Rockies,5.8,5800000,584000
Victor Robles,Nationals,2.5,2500000,557800
Whit Merrifield,Royals,2.9,2900000,1187500
Willy Adames,Rays,2.8,2800000,562400
Wilson Ramos,Mets,1.4,1400000,8000000
Xander Bogaerts,Red Sox,6.8,6800000,12000000
Yasiel Puig,Reds,1.2,1200000,9700000
Yasmani Grandal,Brewers,5.2,5200000,18250000
Yoan Moncada,White Sox,5.7,5700000,575000
Yolmer Sanchez,White Sox,1,1000000,4625000
Yuli Gurriel,Astros,3.2,3200000,10000000
