Home Game Played,Game Played,Month,Day,Date,Tm,Opp,D/N,Promotion,Attendance
1,10,April,Tuesday,"Tuesday, Apr 10",CHC,PIT,D,1,40144
2,11,April,Wednesday,"Wednesday, Apr 11",CHC,PIT,N,0,35596
3,12,April,Thursday,"Thursday, Apr 12",CHC,PIT,D,0,29949
4,13,April,Friday,"Friday, Apr 13",CHC,ATL,D,0,29775
5,14,April,Saturday,"Saturday, Apr 14",CHC,ATL,D,1,36788
6,15,April,Tuesday,"Tuesday, Apr 17",CHC,STL,N,1,35103
7,16,April,Thursday,"Thursday, Apr 19",CHC,STL,D,0,29648
8,22,April,Thursday,"Thursday, Apr 26",CHC,MIL,N,0,37197
9,23,April,Friday,"Friday, Apr 27",CHC,MIL,D,1,35579
10,24,April,Saturday,"Saturday, Apr 28",CHC,MIL,D,1,40147
11,25,April,Sunday,"Sunday, Apr 29",CHC,MIL,D,0,40895
12,26,April,Monday,"Monday, Apr 30",CHC,COL,N,0,35922
13,27,May,Tuesday,"Tuesday, May 1",CHC,COL,N,0,40077
14,28,May,Wednesday,"Wednesday, May 2",CHC,COL,D,0,32909
15,32,May,Monday,"Monday, May 7",CHC,MIA,N,0,37333
16,33,May,Tuesday,"Tuesday, May 8",CHC,MIA,N,0,40051
17,34,May,Wednesday,"Wednesday, May 9",CHC,MIA,D,0,34486
18,35,May,Friday,"Friday, May 11",CHC,CHW,D,1,39585
19,36,May,Saturday,"Saturday, May 12",CHC,CHW,D,0,41099
20,37,May,Sunday,"Sunday, May 13",CHC,CHW,D,0,40537
21,38,May,Monday,"Monday, May 14",CHC,ATL,D,0,35946
22,45,May,Tuesday,"Tuesday, May 22",CHC,CLE,N,1,37168
23,46,May,Wednesday,"Wednesday, May 23",CHC,CLE,N,0,39004
24,47,May,Friday,"Friday, May 25",CHC,SFG,D,0,41177
25,48,May,Saturday,"Saturday, May 26",CHC,SFG,N,0,41250
26,49,May,Sunday,"Sunday, May 27",CHC,SFG,N,0,41587
27,57,June,Tuesday,"Tuesday, Jun 5",CHC,PHI,N,0,40553
28,58,June,Wednesday,"Wednesday, Jun 6",CHC,PHI,N,1,40275
29,59,June,Thursday,"Thursday, Jun 7",CHC,PHI,D,0,40057
30,60,June,Friday,"Friday, Jun 8",CHC,PIT,D,1,40097
31,61,June,Saturday,"Saturday, Jun 9",CHC,PIT,D,0,41045
32,62,June,Sunday,"Sunday, Jun 10",CHC,PIT,D,1,40735
33,69,June,Tuesday,"Tuesday, Jun 19 (1)",CHC,LAD,D,1,39273
34,70,June,Tuesday,"Tuesday, Jun 19 (2)",CHC,LAD,N,0,40409
35,71,June,Wednesday,"Wednesday, Jun 20",CHC,LAD,D,0,41199
36,80,June,Friday,"Friday, Jun 29",CHC,MIN,D,0,41492
37,81,June,Saturday,"Saturday, Jun 30",CHC,MIN,D,0,40950
38,82,July,Sunday,"Sunday, Jul 1",CHC,MIN,D,0,40051
39,83,July,Tuesday,"Tuesday, Jul 3",CHC,DET,D,0,38424
40,84,July,Wednesday,"Wednesday, Jul 4",CHC,DET,D,0,40510
41,85,July,Friday,"Friday, Jul 6",CHC,CIN,D,0,41434
42,86,July,Saturday,"Saturday, Jul 7",CHC,CIN,D,0,41538
43,87,July,Sunday,"Sunday, Jul 8",CHC,CIN,D,1,38655
44,94,July,Thursday,"Thursday, Jul 19",CHC,STL,N,0,41406
45,95,July,Friday,"Friday, Jul 20",CHC,STL,D,1,41077
46,96,July,Saturday,"Saturday, Jul 21 (1)",CHC,STL,D,0,41004
47,97,July,Saturday,"Saturday, Jul 21 (2)",CHC,STL,N,0,41244
48,98,July,Sunday,"Sunday, Jul 22",CHC,STL,D,0,39737
49,99,July,Monday,"Monday, Jul 23",CHC,ARI,N,1,40859
50,100,July,Tuesday,"Tuesday, Jul 24",CHC,ARI,N,1,40869
51,101,July,Wednesday,"Wednesday, Jul 25",CHC,ARI,D,0,35548
52,102,July,Thursday,"Thursday, Jul 26",CHC,ARI,D,0,38979
53,108,August,Thursday,"Thursday, Aug 2",CHC,SDP,N,0,40714
54,109,August,Friday,"Friday, Aug 3",CHC,SDP,D,1,40894
55,110,August,Saturday,"Saturday, Aug 4",CHC,SDP,D,0,40855
56,111,August,Sunday,"Sunday, Aug 5",CHC,SDP,D,0,41136
57,115,August,Friday,"Friday, Aug 10",CHC,WSN,D,0,41531
58,116,August,Saturday,"Saturday, Aug 11",CHC,WSN,D,0,41320
59,117,August,Sunday,"Sunday, Aug 12",CHC,WSN,N,0,36490
60,118,August,Tuesday,"Tuesday, Aug 14",CHC,MIL,D,1,40441
61,119,August,Wednesday,"Wednesday, Aug 15",CHC,MIL,D,1,39619
62,126,August,Thursday,"Thursday, Aug 23",CHC,CIN,N,0,41130
63,127,August,Friday,"Friday, Aug 24",CHC,CIN,D,0,37760
64,128,August,Saturday,"Saturday, Aug 25",CHC,CIN,D,0,41205
65,129,August,Sunday,"Sunday, Aug 26",CHC,CIN,D,0,40331
66,130,August,Monday,"Monday, Aug 27",CHC,NYM,N,0,38935
67,131,August,Tuesday,"Tuesday, Aug 28",CHC,NYM,N,0,37017
68,132,August,Wednesday,"Wednesday, Aug 29",CHC,NYM,D,0,33386
69,143,September,Monday,"Monday, Sep 10",CHC,MIL,N,0,38471
70,144,September,Tuesday,"Tuesday, Sep 11",CHC,MIL,N,0,37017
71,145,September,Wednesday,"Wednesday, Sep 12",CHC,MIL,N,0,40234
72,147,September,Friday,"Friday, Sep 14",CHC,CIN,N,0,36468
73,148,September,Saturday,"Saturday, Sep 15",CHC,CIN,D,0,41196
74,149,September,Sunday,"Sunday, Sep 16",CHC,CIN,D,0,41314
75,156,September,Monday,"Monday, Sep 24",CHC,PIT,N,0,34570
76,157,September,Tuesday,"Tuesday, Sep 25",CHC,PIT,N,0,33443
77,158,September,Wednesday,"Wednesday, Sep 26",CHC,PIT,N,0,32874
78,159,September,Thursday,"Thursday, Sep 27",CHC,PIT,N,0,38415
79,160,September,Friday,"Friday, Sep 28",CHC,STL,D,0,39442
80,161,September,Saturday,"Saturday, Sep 29",CHC,STL,D,0,40784
81,162,September,Sunday,"Sunday, Sep 30",CHC,STL,D,0,39275
