Home Game Played,Game Played,Month,Day,Date,Tm,Opp,D/N,Promotion,Attendance
1,10,April,Monday,"Monday, Apr 8",CHC,PIT,D,1,40692
2,11,April,Wednesday,"Wednesday, Apr 10",CHC,PIT,N,0,32798
3,12,April,Thursday,"Thursday, Apr 11",CHC,PIT,N,0,31906
4,13,April,Friday,"Friday, Apr 12",CHC,LAA,D,0,30102
5,14,April,Saturday,"Saturday, Apr 13",CHC,LAA,D,1,38755
6,18,April,Friday,"Friday, Apr 19",CHC,ARI,D,0,33938
7,19,April,Saturday,"Saturday, Apr 20",CHC,ARI,D,0,37667
8,20,April,Sunday,"Sunday, Apr 21",CHC,ARI,D,1,38181
9,21,April,Tuesday,"Tuesday, Apr 23",CHC,LAD,N,0,35536
10,22,April,Wednesday,"Wednesday, Apr 24",CHC,LAD,N,0,35743
11,23,April,Thursday,"Thursday, Apr 25",CHC,LAD,D,0,35451
12,29,May,Friday,"Friday, May 3",CHC,STL,D,0,34978
13,30,May,Saturday,"Saturday, May 4",CHC,STL,D,0,39601
14,31,May,Sunday,"Sunday, May 5",CHC,STL,N,1,36499
15,32,May,Monday,"Monday, May 6",CHC,MIA,N,0,34555
16,33,May,Tuesday,"Tuesday, May 7",CHC,MIA,N,0,35274
17,34,May,Wednesday,"Wednesday, May 8",CHC,MIA,N,0,37241
18,35,May,Thursday,"Thursday, May 9",CHC,MIA,D,0,32301
19,36,May,Friday,"Friday, May 10",CHC,MIL,D,1,37870
20,37,May,Saturday,"Saturday, May 11",CHC,MIL,D,0,39598
21,38,May,Sunday,"Sunday, May 12",CHC,MIL,N,1,37267
22,45,May,Monday,"Monday, May 20",CHC,PHI,N,0,37909
23,46,May,Tuesday,"Tuesday, May 21",CHC,PHI,N,0,36768
24,47,May,Wednesday,"Wednesday, May 22",CHC,PHI,N,0,39246
25,48,May,Thursday,"Thursday, May 23",CHC,PHI,D,1,37173
26,49,May,Friday,"Friday, May 24",CHC,CIN,D,1,35266
27,50,May,Saturday,"Saturday, May 25",CHC,CIN,D,0,40929
28,51,May,Sunday,"Sunday, May 26",CHC,CIN,D,0,40884
29,58,June,Monday,"Monday, Jun 3",CHC,LAA,D,0,39843
30,59,June,Tuesday,"Tuesday, Jun 4",CHC,COL,N,0,36753
31,60,June,Wednesday,"Wednesday, Jun 5",CHC,COL,N,0,35395
32,61,June,Thursday,"Thursday, Jun 6",CHC,COL,D,1,36375
33,62,June,Friday,"Friday, Jun 7",CHC,STL,D,1,40671
34,63,June,Saturday,"Saturday, Jun 8",CHC,STL,N,0,41005
35,64,June,Sunday,"Sunday, Jun 9",CHC,STL,N,1,39545
36,72,June,Tuesday,"Tuesday, Jun 18",CHC,CHW,N,0,41192
37,73,June,Wednesday,"Wednesday, Jun 19",CHC,CHW,N,0,39776
38,74,June,Thursday,"Thursday, Jun 20",CHC,NYM,N,1,38956
39,75,June,Friday,"Friday, Jun 21",CHC,NYM,D,1,41078
40,76,June,Saturday,"Saturday, Jun 22",CHC,NYM,D,0,41106
41,77,June,Sunday,"Sunday, Jun 23",CHC,NYM,D,1,39077
42,78,June,Monday,"Monday, Jun 24",CHC,ATL,N,0,37603
43,79,June,Tuesday,"Tuesday, Jun 25",CHC,ATL,N,0,37333
44,80,June,Wednesday,"Wednesday, Jun 26",CHC,ATL,N,1,38017
45,81,June,Thursday,"Thursday, Jun 27",CHC,ATL,D,0,39823
46,91,July,Friday,"Friday, Jul 12",CHC,PIT,D,1,40740
47,92,July,Saturday,"Saturday, Jul 13",CHC,PIT,D,0,40286
48,93,July,Sunday,"Sunday, Jul 14",CHC,PIT,D,1,39291
49,94,July,Monday,"Monday, Jul 15",CHC,CIN,N,1,36935
50,95,July,Tuesday,"Tuesday, Jul 16",CHC,CIN,N,1,39788
51,96,July,Wednesday,"Wednesday, Jul 17",CHC,CIN,D,0,37260
52,97,July,Friday,"Friday, Jul 19",CHC,SDP,D,1,39526
53,98,July,Saturday,"Saturday, Jul 20",CHC,SDP,D,0,40314
54,99,July,Sunday,"Sunday, Jul 21",CHC,SDP,D,1,39954
55,109,August,Friday,"Friday, Aug 2",CHC,MIL,D,0,41424
56,110,August,Saturday,"Saturday, Aug 3",CHC,MIL,D,0,41186
57,111,August,Sunday,"Sunday, Aug 4",CHC,MIL,D,1,40466
58,112,August,Monday,"Monday, Aug 5",CHC,OAK,N,0,40721
59,113,August,Tuesday,"Tuesday, Aug 6",CHC,OAK,N,1,40627
60,114,August,Wednesday,"Wednesday, Aug 7",CHC,OAK,D,0,41179
61,125,August,Tuesday,"Tuesday, Aug 20",CHC,SFG,N,0,36969
62,126,August,Wednesday,"Wednesday, Aug 21",CHC,SFG,N,1,38619
63,127,August,Thursday,"Thursday, Aug 22",CHC,SFG,D,0,36366
64,128,August,Friday,"Friday, Aug 23",CHC,WSN,D,1,39889
65,129,August,Saturday,"Saturday, Aug 24",CHC,WSN,D,0,40658
66,130,August,Sunday,"Sunday, Aug 25",CHC,WSN,D,1,40518
67,134,August,Friday,"Friday, Aug 30",CHC,MIL,D,0,40276
68,135,August,Saturday,"Saturday, Aug 31",CHC,MIL,D,0,40178
69,136,September,Sunday,"Sunday, Sep 1",CHC,MIL,D,1,40912
70,137,September,Monday,"Monday, Sep 2",CHC,SEA,D,0,39133
71,138,September,Tuesday,"Tuesday, Sep 3",CHC,SEA,N,0,33958
72,147,September,Friday,"Friday, Sep 13",CHC,PIT,D,1,39080
73,148,September,Saturday,"Saturday, Sep 14",CHC,PIT,D,0,39928
74,149,September,Sunday,"Sunday, Sep 15",CHC,PIT,D,1,39103
75,150,September,Monday,"Monday, Sep 16",CHC,CIN,N,0,33753
76,151,September,Tuesday,"Tuesday, Sep 17",CHC,CIN,N,0,34267
77,152,September,Wednesday,"Wednesday, Sep 18",CHC,CIN,N,0,36578
78,153,September,Thursday,"Thursday, Sep 19",CHC,STL,N,0,39524
79,154,September,Friday,"Friday, Sep 20",CHC,STL,D,1,39106
80,155,September,Saturday,"Saturday, Sep 21",CHC,STL,D,0,40071
81,156,September,Sunday,"Sunday, Sep 22",CHC,STL,D,0,38606
